id_commune;commune_gironde;;kilometrage_bordeaux;frais_livraison_euros;;
1;Abzac;Abzac;58;39,22;('Abzac', 58, 39.22),;('Abzac', 58, 39.22),
2;Aillas;Aillas;71;46,89;('Aillas', 71, 46.89),;('Aillas', 71, 46.89),
3;Ambarès-et-Lagrave;Ambarès-et-Lagrave;15;13,85;('Ambarès-et-Lagrave', 15, 13.85),;('Ambarès-et-Lagrave', 15, 13.85),
4;Ambès;Ambès;29;22,11;('Ambès', 29, 22.11),;('Ambès', 29, 22.11),
5;Andernos-les-Bains;Andernos-les-Bains;48;33,32;('Andernos-les-Bains', 48, 33.32),;('Andernos-les-Bains', 48, 33.32),
6;Anglade;Anglade;67;44,53;('Anglade', 67, 44.53),;('Anglade', 67, 44.53),
7;Arbanats;Arbanats;31;23,29;('Arbanats', 31, 23.29),;('Arbanats', 31, 23.29),
8;Arcachon;Arcachon;66;43,94;('Arcachon', 66, 43.94),;('Arcachon', 66, 43.94),
9;Arcins;Arcins;36;26,24;('Arcins', 36, 26.24),;('Arcins', 36, 26.24),
10;Arès;Arès;50;34,5;('Arès', 50, 34.5),;('Arès', 50, 34.5),
11;Arsac;Arsac;25;19,75;('Arsac', 25, 19.75),;('Arsac', 25, 19.75),
12;Artigues-près-Bordeaux;Artigues-près-Bordeaux;15;13,85;('Artigues-près-Bordeaux', 15, 13.85),;('Artigues-près-Bordeaux', 15, 13.85),
13;Arveyres;Arveyres;30;22,7;('Arveyres', 30, 22.7),;('Arveyres', 30, 22.7),
14;Asques;Asques;30;22,7;('Asques', 30, 22.7),;('Asques', 30, 22.7),
15;Aubiac;Aubiac;55;37,45;('Aubiac', 55, 37.45),;('Aubiac', 55, 37.45),
16;Audenge;Audenge;49;33,91;('Audenge', 49, 33.91),;('Audenge', 49, 33.91),
17;Auriolles;Auriolles;70;46,3;('Auriolles', 70, 46.3),;('Auriolles', 70, 46.3),
18;Auros;Auros;59;39,81;('Auros', 59, 39.81),;('Auros', 59, 39.81),
19;Avensan;Avensan;31;23,29;('Avensan', 31, 23.29),;('Avensan', 31, 23.29),
20;Ayguemorte-les-Graves;Ayguemorte-les-Graves;24;19,16;('Ayguemorte-les-Graves', 24, 19.16),;('Ayguemorte-les-Graves', 24, 19.16),
21;Bagas;Bagas;83;53,97;('Bagas', 83, 53.97),;('Bagas', 83, 53.97),
22;Baigneaux;Baigneaux;40;28,6;('Baigneaux', 40, 28.6),;('Baigneaux', 40, 28.6),
23;Balizac;Balizac;54;36,86;('Balizac', 54, 36.86),;('Balizac', 54, 36.86),
24;Barie;Barie;66;43,94;('Barie', 66, 43.94),;('Barie', 66, 43.94),
25;Baron;Baron;2;6,18;('Baron', 2, 6.18),;('Baron', 2, 6.18),
26;Barsac;Barsac;83;53,97;('Barsac', 83, 53.97),;('Barsac', 83, 53.97),
27;Bassanne;Bassanne;74;48,66;('Bassanne', 74, 48.66),;('Bassanne', 74, 48.66),
28;Bassens;Bassens;12;12,08;('Bassens', 12, 12.08),;('Bassens', 12, 12.08),
29;Baurech;Baurech;25;19,75;('Baurech', 25, 19.75),;('Baurech', 25, 19.75),
30;Bayas;Bayas;52;35,68;('Bayas', 52, 35.68),;('Bayas', 52, 35.68),
31;Bayon/Gironde;Bayon/Gironde;44;30,96;('Bayon/Gironde', 44, 30.96),;('Bayon/Gironde', 44, 30.96),
32;Bazas;Bazas;68;45,12;('Bazas', 68, 45.12),;('Bazas', 68, 45.12),
33;Beautiran;Beautiran;26;20,34;('Beautiran', 26, 20.34),;('Beautiran', 26, 20.34),
34;Bégadan;Bégadan;71;46,89;('Bégadan', 71, 46.89),;('Bégadan', 71, 46.89),
35;Bègles;Bègles;6;8,54;('Bègles', 6, 8.54),;('Bègles', 6, 8.54),
36;Béguey;Béguey;43;30,37;('Béguey', 43, 30.37),;('Béguey', 43, 30.37),
37;Belin-Beliet;Belin-Beliet;45;31,55;('Belin-Beliet', 45, 31.55),;('Belin-Beliet', 45, 31.55),
38;Bellebat;Bellebat;34;25,06;('Bellebat', 34, 25.06),;('Bellebat', 34, 25.06),
39;Bellefond;Bellefond;33;24,47;('Bellefond', 33, 24.47),;('Bellefond', 33, 24.47),
40;Belvès-de-Castillon;Belvès-de-Castillon;58;39,22;('Belvès-de-Castillon', 58, 39.22),;('Belvès-de-Castillon', 58, 39.22),
41;Bernos-Beaulac;Bernos-Beaulac;66;43,94;('Bernos-Beaulac', 66, 43.94),;('Bernos-Beaulac', 66, 43.94),
42;Berson;Berson;43;30,37;('Berson', 43, 30.37),;('Berson', 43, 30.37),
43;Berthez;Berthez;51;35,09;('Berthez', 51, 35.09),;('Berthez', 51, 35.09),
44;Beychac-et-Caillau;Beychac-et-Caillau;24;19,16;('Beychac-et-Caillau', 24, 19.16),;('Beychac-et-Caillau', 24, 19.16),
45;Bieujac;Bieujac;59;39,81;('Bieujac', 59, 39.81),;('Bieujac', 59, 39.81),
46;Biganos;Biganos;46;32,14;('Biganos', 46, 32.14),;('Biganos', 46, 32.14),
47;Birac;Birac;75;49,25;('Birac', 75, 49.25),;('Birac', 75, 49.25),
48;Blaignac;Blaignac;73;48,07;('Blaignac', 73, 48.07),;('Blaignac', 73, 48.07),
49;Blaignan-Prignac;Blaignan-Prignac;67;44,53;('Blaignan-Prignac', 67, 44.53),;('Blaignan-Prignac', 67, 44.53),
50;Blanquefort;Blanquefort;11;11,49;('Blanquefort', 11, 11.49),;('Blanquefort', 11, 11.49),
51;Blasimon;Blasimon;57;38,63;('Blasimon', 57, 38.63),;('Blasimon', 57, 38.63),
52;Blaye;Blaye;51;35,09;('Blaye', 51, 35.09),;('Blaye', 51, 35.09),
53;Blésignac;Blésignac;36;26,24;('Blésignac', 36, 26.24),;('Blésignac', 36, 26.24),
54;Bommes;Bommes;48;33,32;('Bommes', 48, 33.32),;('Bommes', 48, 33.32),
55;Bonnetan;Bonnetan;17;15,03;('Bonnetan', 17, 15.03),;('Bonnetan', 17, 15.03),
56;Bonzac;Bonzac;52;35,68;('Bonzac', 52, 35.68),;('Bonzac', 52, 35.68),
57;Bordeaux;Bordeaux;;5;('Bordeaux', , 5),;('Bordeaux', , 5),
58;Bossugan;Bossugan;61;40,99;('Bossugan', 61, 40.99),;('Bossugan', 61, 40.99),
59;Bouliac;Bouliac;11;11,49;('Bouliac', 11, 11.49),;('Bouliac', 11, 11.49),
60;Bourdelles;Bourdelles;78;51,02;('Bourdelles', 78, 51.02),;('Bourdelles', 78, 51.02),
61;Bourg;Bourg;40;28,6;('Bourg', 40, 28.6),;('Bourg', 40, 28.6),
62;Bourideys;Bourideys;77;50,43;('Bourideys', 77, 50.43),;('Bourideys', 77, 50.43),
63;Brach;Brach;39;28,01;('Brach', 39, 28.01),;('Brach', 39, 28.01),
64;Branne;Branne;42;29,78;('Branne', 42, 29.78),;('Branne', 42, 29.78),
65;Brannens;Brannens;58;39,22;('Brannens', 58, 39.22),;('Brannens', 58, 39.22),
66;Braud-et-St-Louis;Braud-et-St-Louis;67;44,53;('Braud-et-St-Louis', 67, 44.53),;('Braud-et-St-Louis', 67, 44.53),
67;Brouqueyran;Brouqueyran;54;36,86;('Brouqueyran', 54, 36.86),;('Brouqueyran', 54, 36.86),
68;Bruges;Bruges;6;8,54;('Bruges', 6, 8.54),;('Bruges', 6, 8.54),
69;Budos;Budos;42;29,78;('Budos', 42, 29.78),;('Budos', 42, 29.78),
70;Cabanac - Villagrains;Cabanac - Villagrains;36;26,24;('Cabanac - Villagrains', 36, 26.24),;('Cabanac - Villagrains', 36, 26.24),
71;Cabara;Cabara;45;31,55;('Cabara', 45, 31.55),;('Cabara', 45, 31.55),
72;Cadarsac;Cadarsac;32;23,88;('Cadarsac', 32, 23.88),;('Cadarsac', 32, 23.88),
73;Cadaujac;Cadaujac;13;12,67;('Cadaujac', 13, 12.67),;('Cadaujac', 13, 12.67),
74;Cadillac-en-Fronsadais;Cadillac-en-Fronsadais;29;22,11;('Cadillac-en-Fronsadais', 29, 22.11),;('Cadillac-en-Fronsadais', 29, 22.11),
75;Cadillac-sur-Garonne;Cadillac-sur-Garonne;42;29,78;('Cadillac-sur-Garonne', 42, 29.78),;('Cadillac-sur-Garonne', 42, 29.78),
76;Camarsac;Camarsac;24;19,16;('Camarsac', 24, 19.16),;('Camarsac', 24, 19.16),
77;Cambes;Cambes;19;16,21;('Cambes', 19, 16.21),;('Cambes', 19, 16.21),
78;Camblanes-et-Meynac;Camblanes-et-Meynac;7;9,13;('Camblanes-et-Meynac', 7, 9.13),;('Camblanes-et-Meynac', 7, 9.13),
79;Camiac-et-Saint-Denis;Camiac-et-Saint-Denis;30;22,7;('Camiac-et-Saint-Denis', 30, 22.7),;('Camiac-et-Saint-Denis', 30, 22.7),
80;Camiran;Camiran;68;45,12;('Camiran', 68, 45.12),;('Camiran', 68, 45.12),
81;Camps-sur-l'Isle;Camps-sur-l'Isle;62;41,58;('Camps-sur-l'Isle', 62, 41.58),;('Camps-sur-l''Isle', 62, 41.58),
82;Campugnan;Campugnan;54;36,86;('Campugnan', 54, 36.86),;('Campugnan', 54, 36.86),
83;Canéjan;Canéjan;13;12,67;('Canéjan', 13, 12.67),;('Canéjan', 13, 12.67),
84;Capian;Capian;32;23,88;('Capian', 32, 23.88),;('Capian', 32, 23.88),
85;Caplong;Caplong;75;49,25;('Caplong', 75, 49.25),;('Caplong', 75, 49.25),
86;Captieux;Captieux;87;56,33;('Captieux', 87, 56.33),;('Captieux', 87, 56.33),
87;Carbon-Blanc;Carbon-Blanc;12;12,08;('Carbon-Blanc', 12, 12.08),;('Carbon-Blanc', 12, 12.08),
88;Carcans;Carcans;49;33,91;('Carcans', 49, 33.91),;('Carcans', 49, 33.91),
89;Cardan;Cardan;32;23,88;('Cardan', 32, 23.88),;('Cardan', 32, 23.88),
90;Carignan-de-Bordeaux;Carignan-de-Bordeaux;14;13,26;('Carignan-de-Bordeaux', 14, 13.26),;('Carignan-de-Bordeaux', 14, 13.26),
91;Cars;Cars;48;33,32;('Cars', 48, 33.32),;('Cars', 48, 33.32),
92;Cartelègue;Cartelègue;53;36,27;('Cartelègue', 53, 36.27),;('Cartelègue', 53, 36.27),
93;Casseuil;Casseuil;59;39,81;('Casseuil', 59, 39.81),;('Casseuil', 59, 39.81),
94;Castelmoron-d'Albret;Castelmoron-d'Albret;58;39,22;('Castelmoron-d'Albret', 58, 39.22),;('Castelmoron-d''Albret', 58, 39.22),
95;Castelnau-de-Médoc;Castelnau-de-Médoc;29;22,11;('Castelnau-de-Médoc', 29, 22.11),;('Castelnau-de-Médoc', 29, 22.11),
96;Castelviel;Castelviel;50;34,5;('Castelviel', 50, 34.5),;('Castelviel', 50, 34.5),
97;Castets et Castillon;Castets et Castillon;56;38,04;('Castets et Castillon', 56, 38.04),;('Castets et Castillon', 56, 38.04),
98;Castillon-la-Bataille;Castillon-la-Bataille;47;32,73;('Castillon-la-Bataille', 47, 32.73),;('Castillon-la-Bataille', 47, 32.73),
99;Castres-Gironde;Castres-Gironde;24;19,16;('Castres-Gironde', 24, 19.16),;('Castres-Gironde', 24, 19.16),
100;Caudrot;Caudrot;55;37,45;('Caudrot', 55, 37.45),;('Caudrot', 55, 37.45),
101;Caumont;Caumont;48;33,32;('Caumont', 48, 33.32),;('Caumont', 48, 33.32),
102;Cauvignac;Cauvignac;64;42,76;('Cauvignac', 64, 42.76),;('Cauvignac', 64, 42.76),
103;Cavignac;Cavignac;38;27,42;('Cavignac', 38, 27.42),;('Cavignac', 38, 27.42),
104;Cazalis;Cazalis;79;51,61;('Cazalis', 79, 51.61),;('Cazalis', 79, 51.61),
105;Cazats;Cazats;50;34,5;('Cazats', 50, 34.5),;('Cazats', 50, 34.5),
106;Cazaugitat;Cazaugitat;56;38,04;('Cazaugitat', 56, 38.04),;('Cazaugitat', 56, 38.04),
107;Cénac;Cénac;15;13,85;('Cénac', 15, 13.85),;('Cénac', 15, 13.85),
108;Cenon;Cenon;9;10,31;('Cenon', 9, 10.31),;('Cenon', 9, 10.31),
109;Cérons;Cérons;39;28,01;('Cérons', 39, 28.01),;('Cérons', 39, 28.01),
110;Cessac;Cessac;44;30,96;('Cessac', 44, 30.96),;('Cessac', 44, 30.96),
111;Cestas;Cestas;18;15,62;('Cestas', 18, 15.62),;('Cestas', 18, 15.62),
112;Cézac;Cézac;37;26,83;('Cézac', 37, 26.83),;('Cézac', 37, 26.83),
113;Chamadelle;Chamadelle;65;43,35;('Chamadelle', 65, 43.35),;('Chamadelle', 65, 43.35),
114;Cissac-Médoc;Cissac-Médoc;53;36,27;('Cissac-Médoc', 53, 36.27),;('Cissac-Médoc', 53, 36.27),
115;Civrac-de-Blaye;Civrac-de-Blaye;41;29,19;('Civrac-de-Blaye', 41, 29.19),;('Civrac-de-Blaye', 41, 29.19),
116;Civrac-en-Médoc;Civrac-en-Médoc;67;44,53;('Civrac-en-Médoc', 67, 44.53),;('Civrac-en-Médoc', 67, 44.53),
117;Civrac-sur-Dordogne;Civrac-sur-Dordogne;39;28,01;('Civrac-sur-Dordogne', 39, 28.01),;('Civrac-sur-Dordogne', 39, 28.01),
118;Cleyrac;Cleyrac;53;36,27;('Cleyrac', 53, 36.27),;('Cleyrac', 53, 36.27),
119;Coimères;Coimères;53;36,27;('Coimères', 53, 36.27),;('Coimères', 53, 36.27),
120;Coirac;Coirac;46;32,14;('Coirac', 46, 32.14),;('Coirac', 46, 32.14),
121;Comps;Comps;41;29,19;('Comps', 41, 29.19),;('Comps', 41, 29.19),
122;Coubeyrac;Coubeyrac;60;40,4;('Coubeyrac', 60, 40.4),;('Coubeyrac', 60, 40.4),
123;Couquèques;Couquèques;71;46,89;('Couquèques', 71, 46.89),;('Couquèques', 71, 46.89),
124;Courpiac;Courpiac;42;29,78;('Courpiac', 42, 29.78),;('Courpiac', 42, 29.78),
125;Cours-de-Monségur ;Cours-de-Monségur;72;47,48;('Cours-de-Monségur ', 72, 47.48),;('Cours-de-Monségur', 72, 47.48),
126;Cours-les-Bains;Cours-les-Bains;76;49,84;('Cours-les-Bains', 76, 49.84),;('Cours-les-Bains', 76, 49.84),
127;Coutras;Coutras;51;35,09;('Coutras', 51, 35.09),;('Coutras', 51, 35.09),
128;Coutures;Coutures;63;42,17;('Coutures', 63, 42.17),;('Coutures', 63, 42.17),
129;Créon;Créon;26;20,34;('Créon', 26, 20.34),;('Créon', 26, 20.34),
130;Croignon;Croignon;23;18,57;('Croignon', 23, 18.57),;('Croignon', 23, 18.57),
131;Cubnezais;Cubnezais;35;25,65;('Cubnezais', 35, 25.65),;('Cubnezais', 35, 25.65),
132;Cubzac-les-Ponts;Cubzac-les-Ponts;22;17,98;('Cubzac-les-Ponts', 22, 17.98),;('Cubzac-les-Ponts', 22, 17.98),
133;Cudos;Cudos;64;42,76;('Cudos', 64, 42.76),;('Cudos', 64, 42.76),
134;Cursan;Cursan;25;19,75;('Cursan', 25, 19.75),;('Cursan', 25, 19.75),
135;Cussac-Fort-Médoc ;Cussac-Fort-Médoc;39;28,01;('Cussac-Fort-Médoc ', 39, 28.01),;('Cussac-Fort-Médoc', 39, 28.01),
136;Daignac;Daignac;22;17,98;('Daignac', 22, 17.98),;('Daignac', 22, 17.98),
137;Dardenac;Dardenac;38;27,42;('Dardenac', 38, 27.42),;('Dardenac', 38, 27.42),
138;Daubèze;Daubèze;48;33,32;('Daubèze', 48, 33.32),;('Daubèze', 48, 33.32),
139;Dieulivol;Dieulivol;98;62,82;('Dieulivol', 98, 62.82),;('Dieulivol', 98, 62.82),
140;Donnezac;Donnezac;62;41,58;('Donnezac', 62, 41.58),;('Donnezac', 62, 41.58),
141;Donzac;Donzac;48;33,32;('Donzac', 48, 33.32),;('Donzac', 48, 33.32),
142;Doulezon;Doulezon;63;42,17;('Doulezon', 63, 42.17),;('Doulezon', 63, 42.17),
143;Escaudes;Escaudes;88;56,92;('Escaudes', 88, 56.92),;('Escaudes', 88, 56.92),
144;Escoussans;Escoussans;50;34,5;('Escoussans', 50, 34.5),;('Escoussans', 50, 34.5),
145;Espiet;Espiet;31;23,29;('Espiet', 31, 23.29),;('Espiet', 31, 23.29),
146;Étauliers;Étauliers;61;40,99;('Étauliers', 61, 40.99),;('Étauliers', 61, 40.99),
147;Eynesse;Eynesse;73;48,07;('Eynesse', 73, 48.07),;('Eynesse', 73, 48.07),
148;Eyrans;Eyrans;54;36,86;('Eyrans', 54, 36.86),;('Eyrans', 54, 36.86),
149;Eysines;Eysines;8;9,72;('Eysines', 8, 9.72),;('Eysines', 8, 9.72),
150;Faleyras;Faleyras;38;27,42;('Faleyras', 38, 27.42),;('Faleyras', 38, 27.42),
151;Fargues;Fargues;52;35,68;('Fargues', 52, 35.68),;('Fargues', 52, 35.68),
152;Fargues-Saint-Hilaire;Fargues-Saint-Hilaire;15;13,85;('Fargues-Saint-Hilaire', 15, 13.85),;('Fargues-Saint-Hilaire', 15, 13.85),
153;Flaujagues;Flaujagues;61;40,99;('Flaujagues', 61, 40.99),;('Flaujagues', 61, 40.99),
154;Floirac;Floirac;7;9,13;('Floirac', 7, 9.13),;('Floirac', 7, 9.13),
155;Floudès;Floudès;77;50,43;('Floudès', 77, 50.43),;('Floudès', 77, 50.43),
156;Fontet;Fontet;73;48,07;('Fontet', 73, 48.07),;('Fontet', 73, 48.07),
157;Fossès-et-Baleyssac;Fossès-et-Baleyssac;83;53,97;('Fossès-et-Baleyssac', 83, 53.97),;('Fossès-et-Baleyssac', 83, 53.97),
158;Fours;Fours;54;36,86;('Fours', 54, 36.86),;('Fours', 54, 36.86),
159;Francs;Francs;62;41,58;('Francs', 62, 41.58),;('Francs', 62, 41.58),
160;Fronsac;Fronsac;40;28,6;('Fronsac', 40, 28.6),;('Fronsac', 40, 28.6),
161;Frontenac;Frontenac;45;31,55;('Frontenac', 45, 31.55),;('Frontenac', 45, 31.55),
162;Gabarnac;Gabarnac;50;34,5;('Gabarnac', 50, 34.5),;('Gabarnac', 50, 34.5),
163;Gaillan-en-Médoc;Gaillan-en-Médoc;67;44,53;('Gaillan-en-Médoc', 67, 44.53),;('Gaillan-en-Médoc', 67, 44.53),
164;Gajac;Gajac;69;45,71;('Gajac', 69, 45.71),;('Gajac', 69, 45.71),
165;Galgon;Galgon;40;28,6;('Galgon', 40, 28.6),;('Galgon', 40, 28.6),
166;Gans;Gans;65;43,35;('Gans', 65, 43.35),;('Gans', 65, 43.35),
167;Gardegan-et-Tourtirac;Gardegan-et-Tourtirac;60;40,4;('Gardegan-et-Tourtirac', 60, 40.4),;('Gardegan-et-Tourtirac', 60, 40.4),
168;Gauriac;Gauriac;45;31,55;('Gauriac', 45, 31.55),;('Gauriac', 45, 31.55),
169;Gauriaguet;Gauriaguet;32;23,88;('Gauriaguet', 32, 23.88),;('Gauriaguet', 32, 23.88),
170;Générac;Générac;56;38,04;('Générac', 56, 38.04),;('Générac', 56, 38.04),
171;Génissac;Génissac;35;25,65;('Génissac', 35, 25.65),;('Génissac', 35, 25.65),
172;Gensac;Gensac;68;45,12;('Gensac', 68, 45.12),;('Gensac', 68, 45.12),
173;Gironde-sur-Dropt;Gironde-sur-Dropt;63;42,17;('Gironde-sur-Dropt', 63, 42.17),;('Gironde-sur-Dropt', 63, 42.17),
174;Giscos;Giscos;89;57,51;('Giscos', 89, 57.51),;('Giscos', 89, 57.51),
175;Gornac;Gornac;56;38,04;('Gornac', 56, 38.04),;('Gornac', 56, 38.04),
176;Goualade;Goualade;83;53,97;('Goualade', 83, 53.97),;('Goualade', 83, 53.97),
177;Gours;Gours;69;45,71;('Gours', 69, 45.71),;('Gours', 69, 45.71),
178;Gradignan;Gradignan;10;10,9;('Gradignan', 10, 10.9),;('Gradignan', 10, 10.9),
179;Grayan-et-l'Hôpital;Grayan-et-l'Hôpital;85;55,15;('Grayan-et-l'Hôpital', 85, 55.15),;('Grayan-et-l''Hôpital', 85, 55.15),
180;Grézillac;Grézillac;42;29,78;('Grézillac', 42, 29.78),;('Grézillac', 42, 29.78),
181;Grignols;Grignols;75;49,25;('Grignols', 75, 49.25),;('Grignols', 75, 49.25),
182;Guillac;Guillac;35;25,65;('Guillac', 35, 25.65),;('Guillac', 35, 25.65),
183;Guillos;Guillos;42;29,78;('Guillos', 42, 29.78),;('Guillos', 42, 29.78),
184;Guîtres;Guîtres;54;36,86;('Guîtres', 54, 36.86),;('Guîtres', 54, 36.86),
185;Gujan-Mestras;Gujan-Mestras;56;38,04;('Gujan-Mestras', 56, 38.04),;('Gujan-Mestras', 56, 38.04),
186;Haux;Haux;27;20,93;('Haux', 27, 20.93),;('Haux', 27, 20.93),
187;Hostens;Hostens;49;33,91;('Hostens', 49, 33.91),;('Hostens', 49, 33.91),
188;Hourtin;Hourtin;61;40,99;('Hourtin', 61, 40.99),;('Hourtin', 61, 40.99),
189;Hure;Hure;74;48,66;('Hure', 74, 48.66),;('Hure', 74, 48.66),
190;Illats;Illats;39;28,01;('Illats', 39, 28.01),;('Illats', 39, 28.01),
191;Isle-Saint-Georges;Isle-Saint-Georges;24;19,16;('Isle-Saint-Georges', 24, 19.16),;('Isle-Saint-Georges', 24, 19.16),
192;Izon;Izon;26;20,34;('Izon', 26, 20.34),;('Izon', 26, 20.34),
193;Jau-Dignac-et-Loirac;Jau-Dignac-et-Loirac;81;52,79;('Jau-Dignac-et-Loirac', 81, 52.79),;('Jau-Dignac-et-Loirac', 81, 52.79),
194;Jugazan;Jugazan;40;28,6;('Jugazan', 40, 28.6),;('Jugazan', 40, 28.6),
195;Juillac;Juillac;64;42,76;('Juillac', 64, 42.76),;('Juillac', 64, 42.76),
196;La Brède;La Brède;25;19,75;('La Brède', 25, 19.75),;('La Brède', 25, 19.75),
197;La Lande-de-Fronsac;La Lande-de-Fronsac;29;22,11;('La Lande-de-Fronsac', 29, 22.11),;('La Lande-de-Fronsac', 29, 22.11),
198;La Réole;La Réole;78;51,02;('La Réole', 78, 51.02),;('La Réole', 78, 51.02),
199;La Rivière;La Rivière;36;26,24;('La Rivière', 36, 26.24),;('La Rivière', 36, 26.24),
200;La Roquille;La Roquille;80;52,2;('La Roquille', 80, 52.2),;('La Roquille', 80, 52.2),
201;La Sauve;La Sauve;29;22,11;('La Sauve', 29, 22.11),;('La Sauve', 29, 22.11),
202;La Teste-de-Buch;La Teste-de-Buch;60;40,4;('La Teste-de-Buch', 60, 40.4),;('La Teste-de-Buch', 60, 40.4),
203;Labarde;Labarde;27;20,93;('Labarde', 27, 20.93),;('Labarde', 27, 20.93),
204;Labescau;Labescau;59;39,81;('Labescau', 59, 39.81),;('Labescau', 59, 39.81),
205;Lacanau;Lacanau;56;38,04;('Lacanau', 56, 38.04),;('Lacanau', 56, 38.04),
206;Ladaux;Ladaux;41;29,19;('Ladaux', 41, 29.19),;('Ladaux', 41, 29.19),
207;Lados;Lados;54;36,86;('Lados', 54, 36.86),;('Lados', 54, 36.86),
208;Lagorce;Lagorce;54;36,86;('Lagorce', 54, 36.86),;('Lagorce', 54, 36.86),
209;Lalande-de-Pomerol   ;Lalande-de-Pomerol;39;28,01;('Lalande-de-Pomerol   ', 39, 28.01),;('Lalande-de-Pomerol', 39, 28.01),
210;Lamarque;Lamarque;36;26,24;('Lamarque', 36, 26.24),;('Lamarque', 36, 26.24),
211;Lamothe-Landerron  ;Lamothe-Landerron;79;51,61;('Lamothe-Landerron  ', 79, 51.61),;('Lamothe-Landerron', 79, 51.61),
212;Landerrouat;Landerrouat;70;46,3;('Landerrouat', 70, 46.3),;('Landerrouat', 70, 46.3),
213;Landerrouet-sur-Ségur   ;Landerrouet-sur-Ségur;60;40,4;('Landerrouet-sur-Ségur   ', 60, 40.4),;('Landerrouet-sur-Ségur', 60, 40.4),
214;Landiras;Landiras;42;29,78;('Landiras', 42, 29.78),;('Landiras', 42, 29.78),
215;Langoiran;Langoiran;24;19,16;('Langoiran', 24, 19.16),;('Langoiran', 24, 19.16),
216;Langon;Langon;47;32,73;('Langon', 47, 32.73),;('Langon', 47, 32.73),
217;Lansac;Lansac;36;26,24;('Lansac', 36, 26.24),;('Lansac', 36, 26.24),
218;Lanton;Lanton;44;30,96;('Lanton', 44, 30.96),;('Lanton', 44, 30.96),
219;Lapouyade;Lapouyade;43;30,37;('Lapouyade', 43, 30.37),;('Lapouyade', 43, 30.37),
220;Laroque;Laroque;30;22,7;('Laroque', 30, 22.7),;('Laroque', 30, 22.7),
221;Lartigue;Lartigue;84;54,56;('Lartigue', 84, 54.56),;('Lartigue', 84, 54.56),
222;Laruscade;Laruscade;42;29,78;('Laruscade', 42, 29.78),;('Laruscade', 42, 29.78),
223;Latresne;Latresne;11;11,49;('Latresne', 11, 11.49),;('Latresne', 11, 11.49),
224;Lavazan;Lavazan;70;46,3;('Lavazan', 70, 46.3),;('Lavazan', 70, 46.3),
225;Le Barp;Le Barp;32;23,88;('Le Barp', 32, 23.88),;('Le Barp', 32, 23.88),
226;Le Bouscat;Le Bouscat;4;7,36;('Le Bouscat', 4, 7.36),;('Le Bouscat', 4, 7.36),
227;Le Fieu;Le Fieu;63;42,17;('Le Fieu', 63, 42.17),;('Le Fieu', 63, 42.17),
228;Le Haillan;Le Haillan;9;10,31;('Le Haillan', 9, 10.31),;('Le Haillan', 9, 10.31),
229;Le Nizan;Le Nizan;55;37,45;('Le Nizan', 55, 37.45),;('Le Nizan', 55, 37.45),
230;Le Pian-Médoc   ;Le Pian-Médoc;58;39,22;('Le Pian-Médoc   ', 58, 39.22),;('Le Pian-Médoc', 58, 39.22),
231;Le Pian-sur-Garonne   ;Le Pian-sur-Garonne;52;35,68;('Le Pian-sur-Garonne   ', 52, 35.68),;('Le Pian-sur-Garonne', 52, 35.68),
232;Le Porge;Le Porge;44;30,96;('Le Porge', 44, 30.96),;('Le Porge', 44, 30.96),
233;Le Pout;Le Pout;25;19,75;('Le Pout', 25, 19.75),;('Le Pout', 25, 19.75),
234;Le Puy;Le Puy;66;43,94;('Le Puy', 66, 43.94),;('Le Puy', 66, 43.94),
235;Le Taillan-Médoc ;Le Taillan-Médoc;11;11,49;('Le Taillan-Médoc ', 11, 11.49),;('Le Taillan-Médoc', 11, 11.49),
236;Le Teich;Le Teich;52;35,68;('Le Teich', 52, 35.68),;('Le Teich', 52, 35.68),
237;Le Temple;Le Temple;36;26,24;('Le Temple', 36, 26.24),;('Le Temple', 36, 26.24),
238;Le Tourne;Le Tourne;24;19,16;('Le Tourne', 24, 19.16),;('Le Tourne', 24, 19.16),
239;Le Tuzan;Le Tuzan;48;33,32;('Le Tuzan', 48, 33.32),;('Le Tuzan', 48, 33.32),
240;Le Verdon-sur-Mer;Le Verdon-sur-Mer;98;62,82;('Le Verdon-sur-Mer', 98, 62.82),;('Le Verdon-sur-Mer', 98, 62.82),
241;Lège-Cap-Ferret;Lège-Cap-Ferret;49;33,91;('Lège-Cap-Ferret', 49, 33.91),;('Lège-Cap-Ferret', 49, 33.91),
242;Léogeats;Léogeats;48;33,32;('Léogeats', 48, 33.32),;('Léogeats', 48, 33.32),
243;Léognan;Léognan;14;13,26;('Léognan', 14, 13.26),;('Léognan', 14, 13.26),
244;Lerm-et-Musset ;Lerm-et-Musset;73;48,07;('Lerm-et-Musset ', 73, 48.07),;('Lerm-et-Musset', 73, 48.07),
245;Les Artigues-de-Lussac   ;Les Artigues-de-Lussac;43;30,37;('Les Artigues-de-Lussac   ', 43, 30.37),;('Les Artigues-de-Lussac', 43, 30.37),
246;Les Billaux;Les Billaux;37;26,83;('Les Billaux', 37, 26.83),;('Les Billaux', 37, 26.83),
247;Les Églisottes-et-Chalaures ;Les Églisottes-et-Chalaures;60;40,4;('Les Églisottes-et-Chalaures ', 60, 40.4),;('Les Églisottes-et-Chalaures', 60, 40.4),
248;Les Esseintes   ;Les Esseintes;59;39,81;('Les Esseintes   ', 59, 39.81),;('Les Esseintes', 59, 39.81),
249;Les Lèves-et-Thoumeyragues  ;Les Lèves-et-Thoumeyragues;71;46,89;('Les Lèves-et-Thoumeyragues  ', 71, 46.89),;('Les Lèves-et-Thoumeyragues', 71, 46.89),
250;Les Peintures;Les Peintures;55;37,45;('Les Peintures', 55, 37.45),;('Les Peintures', 55, 37.45),
251;Les Salles-de-Castillon;Les Salles-de-Castillon;57;38,63;('Les Salles-de-Castillon', 57, 38.63),;('Les Salles-de-Castillon', 57, 38.63),
252;Lesparre-Médoc ;Lesparre-Médoc;64;42,76;('Lesparre-Médoc ', 64, 42.76),;('Lesparre-Médoc', 64, 42.76),
253;Lestiac-sur-Garonne;Lestiac-sur-Garonne;27;20,93;('Lestiac-sur-Garonne', 27, 20.93),;('Lestiac-sur-Garonne', 27, 20.93),
254;Libourne;Libourne;33;24,47;('Libourne', 33, 24.47),;('Libourne', 33, 24.47),
255;Lignan-de-Bazas;Lignan-de-Bazas;62;41,58;('Lignan-de-Bazas', 62, 41.58),;('Lignan-de-Bazas', 62, 41.58),
256;Lignan-de-Bordeaux;Lignan-de-Bordeaux;17;15,03;('Lignan-de-Bordeaux', 17, 15.03),;('Lignan-de-Bordeaux', 17, 15.03),
257;Ligueux;Ligueux;82;53,38;('Ligueux', 82, 53.38),;('Ligueux', 82, 53.38),
258;Listrac-de-Durèze ;Listrac-de-Durèze;58;39,22;('Listrac-de-Durèze ', 58, 39.22),;('Listrac-de-Durèze', 58, 39.22),
259;Listrac-Médoc ;Listrac-Médoc;35;25,65;('Listrac-Médoc ', 35, 25.65),;('Listrac-Médoc', 35, 25.65),
260;Lormont;Lormont;10;10,9;('Lormont', 10, 10.9),;('Lormont', 10, 10.9),
261;Loubens;Loubens;59;39,81;('Loubens', 59, 39.81),;('Loubens', 59, 39.81),
262;Louchats;Louchats;40;28,6;('Louchats', 40, 28.6),;('Louchats', 40, 28.6),
263;Loupes;Loupes;20;16,8;('Loupes', 20, 16.8),;('Loupes', 20, 16.8),
264;Loupiac;Loupiac;42;29,78;('Loupiac', 42, 29.78),;('Loupiac', 42, 29.78),
265;Loupiac-de-la-Réole   ;Loupiac-de-la-Réole;68;45,12;('Loupiac-de-la-Réole   ', 68, 45.12),;('Loupiac-de-la-Réole', 68, 45.12),
266;Lucmau;Lucmau;69;45,71;('Lucmau', 69, 45.71),;('Lucmau', 69, 45.71),
267;Ludon-Médoc;Ludon-Médoc;18;15,62;('Ludon-Médoc', 18, 15.62),;('Ludon-Médoc', 18, 15.62),
268;Lugaignac;Lugaignac;34;25,06;('Lugaignac', 34, 25.06),;('Lugaignac', 34, 25.06),
269;Lugasson;Lugasson;44;30,96;('Lugasson', 44, 30.96),;('Lugasson', 44, 30.96),
270;Lugon-et-l'Île-du-Carnay   ;Lugon-et-l'Île-du-Carnay;32;23,88;('Lugon-et-l'Île-du-Carnay   ', 32, 23.88),;('Lugon-et-l''Île-du-Carnay', 32, 23.88),
271;Lugos;Lugos;56;38,04;('Lugos', 56, 38.04),;('Lugos', 56, 38.04),
272;Lussac;Lussac;46;32,14;('Lussac', 46, 32.14),;('Lussac', 46, 32.14),
273;Macau;Macau;21;17,39;('Macau', 21, 17.39),;('Macau', 21, 17.39),
274;Madirac;Madirac;20;16,8;('Madirac', 20, 16.8),;('Madirac', 20, 16.8),
275;Maransin;Maransin;43;30,37;('Maransin', 43, 30.37),;('Maransin', 43, 30.37),
276;Marcenais;Marcenais;39;28,01;('Marcenais', 39, 28.01),;('Marcenais', 39, 28.01),
277;Marcheprime;Marcheprime;29;22,11;('Marcheprime', 29, 22.11),;('Marcheprime', 29, 22.11),
278;Margaux-Cantenac ;Margaux-Cantenac;27;20,93;('Margaux-Cantenac ', 27, 20.93),;('Margaux-Cantenac', 27, 20.93),
279;Margueron;Margueron;84;54,56;('Margueron', 84, 54.56),;('Margueron', 84, 54.56),
280;Marimbault;Marimbault;72;47,48;('Marimbault', 72, 47.48),;('Marimbault', 72, 47.48),
281;Marions;Marions;80;52,2;('Marions', 80, 52.2),;('Marions', 80, 52.2),
282;Marsas;Marsas;34;25,06;('Marsas', 34, 25.06),;('Marsas', 34, 25.06),
283;Martignas-sur-Jalle;Martignas-sur-Jalle;19;16,21;('Martignas-sur-Jalle', 19, 16.21),;('Martignas-sur-Jalle', 19, 16.21),
284;Martillac;Martillac;20;16,8;('Martillac', 20, 16.8),;('Martillac', 20, 16.8),
285;Martres;Martres;44;30,96;('Martres', 44, 30.96),;('Martres', 44, 30.96),
286;Masseilles;Masseilles;74;48,66;('Masseilles', 74, 48.66),;('Masseilles', 74, 48.66),
287;Massugas;Massugas;72;47,48;('Massugas', 72, 47.48),;('Massugas', 72, 47.48),
288;Mauriac;Mauriac;62;41,58;('Mauriac', 62, 41.58),;('Mauriac', 62, 41.58),
289;Mazères;Mazères;55;37,45;('Mazères', 55, 37.45),;('Mazères', 55, 37.45),
290;Mazion;Mazion;51;35,09;('Mazion', 51, 35.09),;('Mazion', 51, 35.09),
291;Mérignac;Mérignac;6;8,54;('Mérignac', 6, 8.54),;('Mérignac', 6, 8.54),
292;Mérignas;Mérignas;55;37,45;('Mérignas', 55, 37.45),;('Mérignas', 55, 37.45),
293;Mesterrieux;Mesterrieux;86;55,74;('Mesterrieux', 86, 55.74),;('Mesterrieux', 86, 55.74),
294;Mios;Mios;44;30,96;('Mios', 44, 30.96),;('Mios', 44, 30.96),
295;Mombrier;Mombrier;42;29,78;('Mombrier', 42, 29.78),;('Mombrier', 42, 29.78),
296;Mongauzy;Mongauzy;79;51,61;('Mongauzy', 79, 51.61),;('Mongauzy', 79, 51.61),
297;Monprimblanc;Monprimblanc;49;33,91;('Monprimblanc', 49, 33.91),;('Monprimblanc', 49, 33.91),
298;Monségur;Monségur;90;58,1;('Monségur', 90, 58.1),;('Monségur', 90, 58.1),
299;Montagne;Montagne;50;34,5;('Montagne', 50, 34.5),;('Montagne', 50, 34.5),
300;Montagoudin;Montagoudin;77;50,43;('Montagoudin', 77, 50.43),;('Montagoudin', 77, 50.43),
301;Montignac;Montignac;42;29,78;('Montignac', 42, 29.78),;('Montignac', 42, 29.78),
302;Montussan;Montussan;19;16,21;('Montussan', 19, 16.21),;('Montussan', 19, 16.21),
303;Morizès;Morizès;67;44,53;('Morizès', 67, 44.53),;('Morizès', 67, 44.53),
304;Mouillac;Mouillac;33;24,47;('Mouillac', 33, 24.47),;('Mouillac', 33, 24.47),
305;Mouliets-et-Villemartin;Mouliets-et-Villemartin;57;38,63;('Mouliets-et-Villemartin', 57, 38.63),;('Mouliets-et-Villemartin', 57, 38.63),
306;Moulis-en-Médoc;Moulis-en-Médoc;35;25,65;('Moulis-en-Médoc', 35, 25.65),;('Moulis-en-Médoc', 35, 25.65),
307;Moulon;Moulon;38;27,42;('Moulon', 38, 27.42),;('Moulon', 38, 27.42),
308;Mourens;Mourens;53;36,27;('Mourens', 53, 36.27),;('Mourens', 53, 36.27),
309;Naujac-sur-Mer;Naujac-sur-Mer;64;42,76;('Naujac-sur-Mer', 64, 42.76),;('Naujac-sur-Mer', 64, 42.76),
310;Naujan-et-Postiac;Naujan-et-Postiac;38;27,42;('Naujan-et-Postiac', 38, 27.42),;('Naujan-et-Postiac', 38, 27.42),
311;Néac;Néac;45;31,55;('Néac', 45, 31.55),;('Néac', 45, 31.55),
312;Nérigean;Nérigean;34;25,06;('Nérigean', 34, 25.06),;('Nérigean', 34, 25.06),
313;Neuffons;Neuffons;88;56,92;('Neuffons', 88, 56.92),;('Neuffons', 88, 56.92),
314;Noaillac;Noaillac;52;35,68;('Noaillac', 52, 35.68),;('Noaillac', 52, 35.68),
315;Noaillan;Noaillan;61;40,99;('Noaillan', 61, 40.99),;('Noaillan', 61, 40.99),
316;Omet;Omet;47;32,73;('Omet', 47, 32.73),;('Omet', 47, 32.73),
317;Ordonnac;Ordonnac;67;44,53;('Ordonnac', 67, 44.53),;('Ordonnac', 67, 44.53),
318;Origne;Origne;48;33,32;('Origne', 48, 33.32),;('Origne', 48, 33.32),
319;Paillet;Paillet;29;22,11;('Paillet', 29, 22.11),;('Paillet', 29, 22.11),
320;Parempuyre;Parempuyre;18;15,62;('Parempuyre', 18, 15.62),;('Parempuyre', 18, 15.62),
321;Pauillac;Pauillac;52;35,68;('Pauillac', 52, 35.68),;('Pauillac', 52, 35.68),
322;Pellegrue;Pellegrue;72;47,48;('Pellegrue', 72, 47.48),;('Pellegrue', 72, 47.48),
323;Périssac;Périssac;36;26,24;('Périssac', 36, 26.24),;('Périssac', 36, 26.24),
324;Pessac;Pessac;6;8,54;('Pessac', 6, 8.54),;('Pessac', 6, 8.54),
325;Pessac-sur-Dordogne;Pessac-sur-Dordogne;67;44,53;('Pessac-sur-Dordogne', 67, 44.53),;('Pessac-sur-Dordogne', 67, 44.53),
326;Petit-Palais-et-Cornemps;Petit-Palais-et-Cornemps;63;42,17;('Petit-Palais-et-Cornemps', 63, 42.17),;('Petit-Palais-et-Cornemps', 63, 42.17),
327;Peujard;Peujard;32;23,88;('Peujard', 32, 23.88),;('Peujard', 32, 23.88),
328;Pineuilh;Pineuilh;77;50,43;('Pineuilh', 77, 50.43),;('Pineuilh', 77, 50.43),
329;Plassac;Plassac;50;34,5;('Plassac', 50, 34.5),;('Plassac', 50, 34.5),
330;Pleine-Selve;Pleine-Selve;67;44,53;('Pleine-Selve', 67, 44.53),;('Pleine-Selve', 67, 44.53),
331;Podensac;Podensac;42;29,78;('Podensac', 42, 29.78),;('Podensac', 42, 29.78),
332;Pomerol;Pomerol;43;30,37;('Pomerol', 43, 30.37),;('Pomerol', 43, 30.37),
333;Pompéjac;Pompéjac;74;48,66;('Pompéjac', 74, 48.66),;('Pompéjac', 74, 48.66),
334;Pompignac;Pompignac;15;13,85;('Pompignac', 15, 13.85),;('Pompignac', 15, 13.85),
335;Pondaurat;Pondaurat;72;47,48;('Pondaurat', 72, 47.48),;('Pondaurat', 72, 47.48),
336;Porchères;Porchères;69;45,71;('Porchères', 69, 45.71),;('Porchères', 69, 45.71),
337;Porte-de-Benauge;Porte-de-Benauge;52;35,68;('Porte-de-Benauge', 52, 35.68),;('Porte-de-Benauge', 52, 35.68),
338;Portets;Portets;28;21,52;('Portets', 28, 21.52),;('Portets', 28, 21.52),
339;Préchac;Préchac;67;44,53;('Préchac', 67, 44.53),;('Préchac', 67, 44.53),
340;Preignac;Preignac;46;32,14;('Preignac', 46, 32.14),;('Preignac', 46, 32.14),
341;Prignac-et-Marcamps;Prignac-et-Marcamps;31;23,29;('Prignac-et-Marcamps', 31, 23.29),;('Prignac-et-Marcamps', 31, 23.29),
342;Pugnac;Pugnac;37;26,83;('Pugnac', 37, 26.83),;('Pugnac', 37, 26.83),
343;Puisseguin;Puisseguin;55;37,45;('Puisseguin', 55, 37.45),;('Puisseguin', 55, 37.45),
344;Pujols;Pujols;60;40,4;('Pujols', 60, 40.4),;('Pujols', 60, 40.4),
345;Pujols-sur-Ciron;Pujols-sur-Ciron;44;30,96;('Pujols-sur-Ciron', 44, 30.96),;('Pujols-sur-Ciron', 44, 30.96),
346;Puybarban;Puybarban;74;48,66;('Puybarban', 74, 48.66),;('Puybarban', 74, 48.66),
347;Puynormand;Puynormand;67;44,53;('Puynormand', 67, 44.53),;('Puynormand', 67, 44.53),
348;Queyrac;Queyrac;72;47,48;('Queyrac', 72, 47.48),;('Queyrac', 72, 47.48),
349;Quinsac;Quinsac;16;14,44;('Quinsac', 16, 14.44),;('Quinsac', 16, 14.44),
350;Rauzan;Rauzan;43;30,37;('Rauzan', 43, 30.37),;('Rauzan', 43, 30.37),
351;Reignac;Reignac;62;41,58;('Reignac', 62, 41.58),;('Reignac', 62, 41.58),
352;Rimons;Rimons;72;47,48;('Rimons', 72, 47.48),;('Rimons', 72, 47.48),
353;Riocaud;Riocaud;83;53,97;('Riocaud', 83, 53.97),;('Riocaud', 83, 53.97),
354;Rions;Rions;32;23,88;('Rions', 32, 23.88),;('Rions', 32, 23.88),
355;Roaillan;Roaillan;55;37,45;('Roaillan', 55, 37.45),;('Roaillan', 55, 37.45),
356;Romagne;Romagne;41;29,19;('Romagne', 41, 29.19),;('Romagne', 41, 29.19),
357;Roquebrune;Roquebrune;85;55,15;('Roquebrune', 85, 55.15),;('Roquebrune', 85, 55.15),
358;Ruch;Ruch;59;39,81;('Ruch', 59, 39.81),;('Ruch', 59, 39.81),
359;Sablons;Sablons;53;36,27;('Sablons', 53, 36.27),;('Sablons', 53, 36.27),
360;Sadirac;Sadirac;22;17,98;('Sadirac', 22, 17.98),;('Sadirac', 22, 17.98),
361;Saillans;Saillans;39;28,01;('Saillans', 39, 28.01),;('Saillans', 39, 28.01),
362;Saint-Aignan;Saint-Aignan;37;26,83;('Saint-Aignan', 37, 26.83),;('Saint-Aignan', 37, 26.83),
363;Saint-André-de-Cubzac;Saint-André-de-Cubzac;26;20,34;('Saint-André-de-Cubzac', 26, 20.34),;('Saint-André-de-Cubzac', 26, 20.34),
364;Saint-André-du-Bois;Saint-André-du-Bois;58;39,22;('Saint-André-du-Bois', 58, 39.22),;('Saint-André-du-Bois', 58, 39.22),
365;Saint-André-et-Appelles;Saint-André-et-Appelles;77;50,43;('Saint-André-et-Appelles', 77, 50.43),;('Saint-André-et-Appelles', 77, 50.43),
366;Saint-Androny;Saint-Androny;57;38,63;('Saint-Androny', 57, 38.63),;('Saint-Androny', 57, 38.63),
367;Saint-Antoine-du-Queyret;Saint-Antoine-du-Queyret;67;44,53;('Saint-Antoine-du-Queyret', 67, 44.53),;('Saint-Antoine-du-Queyret', 67, 44.53),
368;Saint-Antoine-sur-l'Isle;Saint-Antoine-sur-l'Isle;71;46,89;('Saint-Antoine-sur-l'Isle', 71, 46.89),;('Saint-Antoine-sur-l''Isle', 71, 46.89),
369;Saint-Aubin-de-Blaye;Saint-Aubin-de-Blaye;59;39,81;('Saint-Aubin-de-Blaye', 59, 39.81),;('Saint-Aubin-de-Blaye', 59, 39.81),
370;Saint-Aubin-de-Branne;Saint-Aubin-de-Branne;45;31,55;('Saint-Aubin-de-Branne', 45, 31.55),;('Saint-Aubin-de-Branne', 45, 31.55),
371;Saint-Aubin-de-Médoc;Saint-Aubin-de-Médoc;15;13,85;('Saint-Aubin-de-Médoc', 15, 13.85),;('Saint-Aubin-de-Médoc', 15, 13.85),
372;Saint-Avit-de-Soulège;Saint-Avit-de-Soulège;71;46,89;('Saint-Avit-de-Soulège', 71, 46.89),;('Saint-Avit-de-Soulège', 71, 46.89),
373;Saint-Avit-Saint-Nazaire;Saint-Avit-Saint-Nazaire;76;49,84;('Saint-Avit-Saint-Nazaire', 76, 49.84),;('Saint-Avit-Saint-Nazaire', 76, 49.84),
374;Saint-Brice;Saint-Brice;48;33,32;('Saint-Brice', 48, 33.32),;('Saint-Brice', 48, 33.32),
375;Saint-Caprais-de-Bordeaux ;Saint-Caprais-de-Bordeaux;18;15,62;('Saint-Caprais-de-Bordeaux ', 18, 15.62),;('Saint-Caprais-de-Bordeaux', 18, 15.62),
376;Saint-Christoly-de-Blaye ;Saint-Christoly-de-Blaye;43;30,37;('Saint-Christoly-de-Blaye ', 43, 30.37),;('Saint-Christoly-de-Blaye', 43, 30.37),
377;Saint-Christoly-Médoc;Saint-Christoly-Médoc;71;46,89;('Saint-Christoly-Médoc', 71, 46.89),;('Saint-Christoly-Médoc', 71, 46.89),
378;Saint-Christophe-de-Double    ;Saint-Christophe-de-Double;68;45,12;('Saint-Christophe-de-Double    ', 68, 45.12),;('Saint-Christophe-de-Double', 68, 45.12),
379;Saint-Christophe-des-Bardes   ;Saint-Christophe-des-Bardes;47;32,73;('Saint-Christophe-des-Bardes   ', 47, 32.73),;('Saint-Christophe-des-Bardes', 47, 32.73),
380;Saint-Cibard;Saint-Cibard;53;36,27;('Saint-Cibard', 53, 36.27),;('Saint-Cibard', 53, 36.27),
381;Saint-Ciers-d'Abzac ;Saint-Ciers-d'Abzac;40;28,6;('Saint-Ciers-d'Abzac ', 40, 28.6),;('Saint-Ciers-d''Abzac', 40, 28.6),
382;Saint-Ciers-de-Canesse;Saint-Ciers-de-Canesse;43;30,37;('Saint-Ciers-de-Canesse', 43, 30.37),;('Saint-Ciers-de-Canesse', 43, 30.37),
383;Saint-Ciers-sur-Gironde;Saint-Ciers-sur-Gironde;65;43,35;('Saint-Ciers-sur-Gironde', 65, 43.35),;('Saint-Ciers-sur-Gironde', 65, 43.35),
384;Saint-Côme;Saint-Côme;62;41,58;('Saint-Côme', 62, 41.58),;('Saint-Côme', 62, 41.58),
385;Saint-Denis-de-Pile;Saint-Denis-de-Pile;42;29,78;('Saint-Denis-de-Pile', 42, 29.78),;('Saint-Denis-de-Pile', 42, 29.78),
386;Saint-Émilion;Saint-Émilion;41;29,19;('Saint-Émilion', 41, 29.19),;('Saint-Émilion', 41, 29.19),
387;Saint-Estèphe;Saint-Estèphe;60;40,4;('Saint-Estèphe', 60, 40.4),;('Saint-Estèphe', 60, 40.4),
388;Saint-Étienne-de-Lisse;Saint-Étienne-de-Lisse;46;32,14;('Saint-Étienne-de-Lisse', 46, 32.14),;('Saint-Étienne-de-Lisse', 46, 32.14),
389;Saint-Exupéry;Saint-Exupéry;65;43,35;('Saint-Exupéry', 65, 43.35),;('Saint-Exupéry', 65, 43.35),
390;Saint-Félix-de-Foncaude;Saint-Félix-de-Foncaude;43;30,37;('Saint-Félix-de-Foncaude', 43, 30.37),;('Saint-Félix-de-Foncaude', 43, 30.37),
391;Saint-Ferme;Saint-Ferme;62;41,58;('Saint-Ferme', 62, 41.58),;('Saint-Ferme', 62, 41.58),
392;Saint-Genès-de-Blaye;Saint-Genès-de-Blaye;52;35,68;('Saint-Genès-de-Blaye', 52, 35.68),;('Saint-Genès-de-Blaye', 52, 35.68),
393;Saint-Genès-de-Castillon;Saint-Genès-de-Castillon;49;33,91;('Saint-Genès-de-Castillon', 49, 33.91),;('Saint-Genès-de-Castillon', 49, 33.91),
394;Saint-Genès-de-Fronsac;Saint-Genès-de-Fronsac;33;24,47;('Saint-Genès-de-Fronsac', 33, 24.47),;('Saint-Genès-de-Fronsac', 33, 24.47),
395;Saint-Genès-de-Lombaud;Saint-Genès-de-Lombaud;23;18,57;('Saint-Genès-de-Lombaud', 23, 18.57),;('Saint-Genès-de-Lombaud', 23, 18.57),
396;Saint-Germain-d'Esteuil;Saint-Germain-d'Esteuil;62;41,58;('Saint-Germain-d'Esteuil', 62, 41.58),;('Saint-Germain-d''Esteuil', 62, 41.58),
397;Saint-Germain-de-Grave;Saint-Germain-de-Grave;50;34,5;('Saint-Germain-de-Grave', 50, 34.5),;('Saint-Germain-de-Grave', 50, 34.5),
398;Saint-Germain-de-la-Rivière;Saint-Germain-de-la-Rivière;33;24,47;('Saint-Germain-de-la-Rivière', 33, 24.47),;('Saint-Germain-de-la-Rivière', 33, 24.47),
399;Saint-Germain-du-Puch;Saint-Germain-du-Puch;26;20,34;('Saint-Germain-du-Puch', 26, 20.34),;('Saint-Germain-du-Puch', 26, 20.34),
400;Saint-Gervais;Saint-Gervais;28;21,52;('Saint-Gervais', 28, 21.52),;('Saint-Gervais', 28, 21.52),
401;Saint-Girons-d'Aiguevives;Saint-Girons-d'Aiguevives;45;31,55;('Saint-Girons-d'Aiguevives', 45, 31.55),;('Saint-Girons-d''Aiguevives', 45, 31.55),
402;Saint-Hilaire-de-la-Noaille;Saint-Hilaire-de-la-Noaille;61;40,99;('Saint-Hilaire-de-la-Noaille', 61, 40.99),;('Saint-Hilaire-de-la-Noaille', 61, 40.99),
403;Saint-Hilaire-du-Bois;Saint-Hilaire-du-Bois;44;30,96;('Saint-Hilaire-du-Bois', 44, 30.96),;('Saint-Hilaire-du-Bois', 44, 30.96),
404;Saint-Hippolyte;Saint-Hippolyte;48;33,32;('Saint-Hippolyte', 48, 33.32),;('Saint-Hippolyte', 48, 33.32),
405;Saint-Jean-d'Illac;Saint-Jean-d'Illac;18;15,62;('Saint-Jean-d'Illac', 18, 15.62),;('Saint-Jean-d''Illac', 18, 15.62),
406;Saint-Jean-de-Blaignac;Saint-Jean-de-Blaignac;41;29,19;('Saint-Jean-de-Blaignac', 41, 29.19),;('Saint-Jean-de-Blaignac', 41, 29.19),
407;Saint-Julien-Beychevelle;Saint-Julien-Beychevelle;49;33,91;('Saint-Julien-Beychevelle', 49, 33.91),;('Saint-Julien-Beychevelle', 49, 33.91),
408;Saint-Laurent-d'Arce;Saint-Laurent-d'Arce;31;23,29;('Saint-Laurent-d'Arce', 31, 23.29),;('Saint-Laurent-d''Arce', 31, 23.29),
409;Saint-Laurent-des-Combes;Saint-Laurent-des-Combes;43;30,37;('Saint-Laurent-des-Combes', 43, 30.37),;('Saint-Laurent-des-Combes', 43, 30.37),
410;Saint-Laurent-du-Bois;Saint-Laurent-du-Bois;50;34,5;('Saint-Laurent-du-Bois', 50, 34.5),;('Saint-Laurent-du-Bois', 50, 34.5),
411;Saint-Laurent-du-Plan;Saint-Laurent-du-Plan;66;43,94;('Saint-Laurent-du-Plan', 66, 43.94),;('Saint-Laurent-du-Plan', 66, 43.94),
412;Saint-Laurent-Médoc;Saint-Laurent-Médoc;44;30,96;('Saint-Laurent-Médoc', 44, 30.96),;('Saint-Laurent-Médoc', 44, 30.96),
413;Saint-Léger-de-Balson;Saint-Léger-de-Balson;55;37,45;('Saint-Léger-de-Balson', 55, 37.45),;('Saint-Léger-de-Balson', 55, 37.45),
414;Saint-Léon;Saint-Léon;33;24,47;('Saint-Léon', 33, 24.47),;('Saint-Léon', 33, 24.47),
415;Saint-Loubert;Saint-Loubert;54;36,86;('Saint-Loubert', 54, 36.86),;('Saint-Loubert', 54, 36.86),
416;Saint-Loubès;Saint-Loubès;20;16,8;('Saint-Loubès', 20, 16.8),;('Saint-Loubès', 20, 16.8),
417;Saint-Louis-de-Montferrand ;Saint-Louis-de-Montferrand;16;14,44;('Saint-Louis-de-Montferrand ', 16, 14.44),;('Saint-Louis-de-Montferrand', 16, 14.44),
418;Saint-Macaire;Saint-Macaire;50;34,5;('Saint-Macaire', 50, 34.5),;('Saint-Macaire', 50, 34.5),
419;Saint-Magne;Saint-Magne;38;27,42;('Saint-Magne', 38, 27.42),;('Saint-Magne', 38, 27.42),
420;Saint-Magne-de-Castillon;Saint-Magne-de-Castillon;52;35,68;('Saint-Magne-de-Castillon', 52, 35.68),;('Saint-Magne-de-Castillon', 52, 35.68),
421;Saint-Maixant;Saint-Maixant;53;36,27;('Saint-Maixant', 53, 36.27),;('Saint-Maixant', 53, 36.27),
422;Saint-Mariens;Saint-Mariens;41;29,19;('Saint-Mariens', 41, 29.19),;('Saint-Mariens', 41, 29.19),
423;Saint-Martial;Saint-Martial;62;41,58;('Saint-Martial', 62, 41.58),;('Saint-Martial', 62, 41.58),
424;Saint-Martin-de-Laye;Saint-Martin-de-Laye;50;34,5;('Saint-Martin-de-Laye', 50, 34.5),;('Saint-Martin-de-Laye', 50, 34.5),
425;Saint-Martin-de-Lerm;Saint-Martin-de-Lerm;87;56,33;('Saint-Martin-de-Lerm', 87, 56.33),;('Saint-Martin-de-Lerm', 87, 56.33),
426;Saint-Martin-de-Sescas;Saint-Martin-de-Sescas;57;38,63;('Saint-Martin-de-Sescas', 57, 38.63),;('Saint-Martin-de-Sescas', 57, 38.63),
427;Saint-Martin-du-Bois;Saint-Martin-du-Bois;42;29,78;('Saint-Martin-du-Bois', 42, 29.78),;('Saint-Martin-du-Bois', 42, 29.78),
428;Saint-Martin-du-Puy;Saint-Martin-du-Puy;70;46,3;('Saint-Martin-du-Puy', 70, 46.3),;('Saint-Martin-du-Puy', 70, 46.3),
429;Saint-Martin-Lacaussade;Saint-Martin-Lacaussade;51;35,09;('Saint-Martin-Lacaussade', 51, 35.09),;('Saint-Martin-Lacaussade', 51, 35.09),
430;Saint-Médard-d'Eyrans;Saint-Médard-d'Eyrans;20;16,8;('Saint-Médard-d'Eyrans', 20, 16.8),;('Saint-Médard-d''Eyrans', 20, 16.8),
431;Saint-Médard-de-Guizières;Saint-Médard-de-Guizières;61;40,99;('Saint-Médard-de-Guizières', 61, 40.99),;('Saint-Médard-de-Guizières', 61, 40.99),
432;Saint-Médard-en-Jalles;Saint-Médard-en-Jalles;15;13,85;('Saint-Médard-en-Jalles', 15, 13.85),;('Saint-Médard-en-Jalles', 15, 13.85),
433;Saint-Michel-de-Castelnau;Saint-Michel-de-Castelnau;95;61,05;('Saint-Michel-de-Castelnau', 95, 61.05),;('Saint-Michel-de-Castelnau', 95, 61.05),
434;Saint-Michel-de-Fronsac;Saint-Michel-de-Fronsac;37;26,83;('Saint-Michel-de-Fronsac', 37, 26.83),;('Saint-Michel-de-Fronsac', 37, 26.83),
435;Saint-Michel-de-Lapujade;Saint-Michel-de-Lapujade;83;53,97;('Saint-Michel-de-Lapujade', 83, 53.97),;('Saint-Michel-de-Lapujade', 83, 53.97),
436;Saint-Michel-de-Rieufret;Saint-Michel-de-Rieufret;34;25,06;('Saint-Michel-de-Rieufret', 34, 25.06),;('Saint-Michel-de-Rieufret', 34, 25.06),
437;Saint-Morillon;Saint-Morillon;29;22,11;('Saint-Morillon', 29, 22.11),;('Saint-Morillon', 29, 22.11),
438;Saint-Palais;Saint-Palais;66;43,94;('Saint-Palais', 66, 43.94),;('Saint-Palais', 66, 43.94),
439;Saint-Pardon-de-Conques;Saint-Pardon-de-Conques;56;38,04;('Saint-Pardon-de-Conques', 56, 38.04),;('Saint-Pardon-de-Conques', 56, 38.04),
440;Saint-Paul;Saint-Paul;49;33,91;('Saint-Paul', 49, 33.91),;('Saint-Paul', 49, 33.91),
441;Saint-Pey-d'Armens;Saint-Pey-d'Armens;48;33,32;('Saint-Pey-d'Armens', 48, 33.32),;('Saint-Pey-d''Armens', 48, 33.32),
442;Saint-Pey-de-Castets;Saint-Pey-de-Castets;55;37,45;('Saint-Pey-de-Castets', 55, 37.45),;('Saint-Pey-de-Castets', 55, 37.45),
443;Saint-Philippe-d'Aiguille;Saint-Philippe-d'Aiguille;58;39,22;('Saint-Philippe-d'Aiguille', 58, 39.22),;('Saint-Philippe-d''Aiguille', 58, 39.22),
444;Saint-Philippe-du-Seignal;Saint-Philippe-du-Seignal;79;51,61;('Saint-Philippe-du-Seignal', 79, 51.61),;('Saint-Philippe-du-Seignal', 79, 51.61),
445;Saint-Pierre-d'Aurillac;Saint-Pierre-d'Aurillac;55;37,45;('Saint-Pierre-d'Aurillac', 55, 37.45),;('Saint-Pierre-d''Aurillac', 55, 37.45),
446;Saint-Pierre-de-Bat;Saint-Pierre-de-Bat;53;36,27;('Saint-Pierre-de-Bat', 53, 36.27),;('Saint-Pierre-de-Bat', 53, 36.27),
447;Saint-Pierre-de-Mons;Saint-Pierre-de-Mons;53;36,27;('Saint-Pierre-de-Mons', 53, 36.27),;('Saint-Pierre-de-Mons', 53, 36.27),
448;Saint-Quentin-de-Baron;Saint-Quentin-de-Baron;28;21,52;('Saint-Quentin-de-Baron', 28, 21.52),;('Saint-Quentin-de-Baron', 28, 21.52),
449;Saint-Quentin-de-Caplong;Saint-Quentin-de-Caplong;74;48,66;('Saint-Quentin-de-Caplong', 74, 48.66),;('Saint-Quentin-de-Caplong', 74, 48.66),
450;Saint-Romain-la-Virvée;Saint-Romain-la-Virvée;28;21,52;('Saint-Romain-la-Virvée', 28, 21.52),;('Saint-Romain-la-Virvée', 28, 21.52),
451;Saint-Sauveur;Saint-Sauveur;51;35,09;('Saint-Sauveur', 51, 35.09),;('Saint-Sauveur', 51, 35.09),
452;Saint-Sauveur-de-Puynormand;Saint-Sauveur-de-Puynormand;65;43,35;('Saint-Sauveur-de-Puynormand', 65, 43.35),;('Saint-Sauveur-de-Puynormand', 65, 43.35),
453;Saint-Savin;Saint-Savin;46;32,14;('Saint-Savin', 46, 32.14),;('Saint-Savin', 46, 32.14),
454;Saint-Selve;Saint-Selve;27;20,93;('Saint-Selve', 27, 20.93),;('Saint-Selve', 27, 20.93),
455;Saint-Seurin-de-Bourg;Saint-Seurin-de-Bourg;42;29,78;('Saint-Seurin-de-Bourg', 42, 29.78),;('Saint-Seurin-de-Bourg', 42, 29.78),
456;Saint-Seurin-de-Cadourne;Saint-Seurin-de-Cadourne;64;42,76;('Saint-Seurin-de-Cadourne', 64, 42.76),;('Saint-Seurin-de-Cadourne', 64, 42.76),
457;Saint-Seurin-de-Cursac;Saint-Seurin-de-Cursac;52;35,68;('Saint-Seurin-de-Cursac', 52, 35.68),;('Saint-Seurin-de-Cursac', 52, 35.68),
458;Saint-Seurin-sur-l'Isle;Saint-Seurin-sur-l'Isle;65;43,35;('Saint-Seurin-sur-l'Isle', 65, 43.35),;('Saint-Seurin-sur-l''Isle', 65, 43.35),
459;Saint-Sève;Saint-Sève;80;52,2;('Saint-Sève', 80, 52.2),;('Saint-Sève', 80, 52.2),
460;Saint-Sulpice-de-Faleyrens;Saint-Sulpice-de-Faleyrens;42;29,78;('Saint-Sulpice-de-Faleyrens', 42, 29.78),;('Saint-Sulpice-de-Faleyrens', 42, 29.78),
461;Saint-Sulpice-de-Guilleragues;Saint-Sulpice-de-Guilleragues;86;55,74;('Saint-Sulpice-de-Guilleragues', 86, 55.74),;('Saint-Sulpice-de-Guilleragues', 86, 55.74),
462;Saint-Sulpice-de-Pommiers;Saint-Sulpice-de-Pommiers;68;45,12;('Saint-Sulpice-de-Pommiers', 68, 45.12),;('Saint-Sulpice-de-Pommiers', 68, 45.12),
463;Saint-Sulpice-et-Cameyrac;Saint-Sulpice-et-Cameyrac;11;11,49;('Saint-Sulpice-et-Cameyrac', 11, 11.49),;('Saint-Sulpice-et-Cameyrac', 11, 11.49),
464;Saint-Symphorien;Saint-Symphorien;62;41,58;('Saint-Symphorien', 62, 41.58),;('Saint-Symphorien', 62, 41.58),
465;Saint-Trojan;Saint-Trojan;45;31,55;('Saint-Trojan', 45, 31.55),;('Saint-Trojan', 45, 31.55),
466;Saint-Vincent-de-Paul;Saint-Vincent-de-Paul;20;16,8;('Saint-Vincent-de-Paul', 20, 16.8),;('Saint-Vincent-de-Paul', 20, 16.8),
467;Saint-Vincent-de-Pertignas ;Saint-Vincent-de-Pertignas;42;29,78;('Saint-Vincent-de-Pertignas ', 42, 29.78),;('Saint-Vincent-de-Pertignas', 42, 29.78),
468;Saint-Vivien-de-Blaye;Saint-Vivien-de-Blaye;39;28,01;('Saint-Vivien-de-Blaye', 39, 28.01),;('Saint-Vivien-de-Blaye', 39, 28.01),
469;Saint-Vivien-de-Médoc;Saint-Vivien-de-Médoc;84;54,56;('Saint-Vivien-de-Médoc', 84, 54.56),;('Saint-Vivien-de-Médoc', 84, 54.56),
470;Saint-Vivien-de-Monségur;Saint-Vivien-de-Monségur;72;47,48;('Saint-Vivien-de-Monségur', 72, 47.48),;('Saint-Vivien-de-Monségur', 72, 47.48),
471;Saint-Yzan-de-Soudiac;Saint-Yzan-de-Soudiac;43;30,37;('Saint-Yzan-de-Soudiac', 43, 30.37),;('Saint-Yzan-de-Soudiac', 43, 30.37),
472;Saint-Yzans-de-Médoc;Saint-Yzans-de-Médoc;68;45,12;('Saint-Yzans-de-Médoc', 68, 45.12),;('Saint-Yzans-de-Médoc', 68, 45.12),
473;Sainte-Colombe;Sainte-Colombe;56;38,04;('Sainte-Colombe', 56, 38.04),;('Sainte-Colombe', 56, 38.04),
474;Sainte-Croix-du-Mont;Sainte-Croix-du-Mont;46;32,14;('Sainte-Croix-du-Mont', 46, 32.14),;('Sainte-Croix-du-Mont', 46, 32.14),
475;Sainte-Eulalie;Sainte-Eulalie;15;13,85;('Sainte-Eulalie', 15, 13.85),;('Sainte-Eulalie', 15, 13.85),
476;Sainte-Florence;Sainte-Florence;39;28,01;('Sainte-Florence', 39, 28.01),;('Sainte-Florence', 39, 28.01),
477;Sainte-Foy-la-Grande;Sainte-Foy-la-Grande;71;46,89;('Sainte-Foy-la-Grande', 71, 46.89),;('Sainte-Foy-la-Grande', 71, 46.89),
478;Sainte-Foy-la-Longue;Sainte-Foy-la-Longue;62;41,58;('Sainte-Foy-la-Longue', 62, 41.58),;('Sainte-Foy-la-Longue', 62, 41.58),
479;Sainte-Gemme;Sainte-Gemme;57;38,63;('Sainte-Gemme', 57, 38.63),;('Sainte-Gemme', 57, 38.63),
480;Sainte-Hélène;Sainte-Hélène;30;22,7;('Sainte-Hélène', 30, 22.7),;('Sainte-Hélène', 30, 22.7),
481;Sainte-Radegonde;Sainte-Radegonde;60;40,4;('Sainte-Radegonde', 60, 40.4),;('Sainte-Radegonde', 60, 40.4),
482;Sainte-Terre;Sainte-Terre;53;36,27;('Sainte-Terre', 53, 36.27),;('Sainte-Terre', 53, 36.27),
483;Salaunes;Salaunes;24;19,16;('Salaunes', 24, 19.16),;('Salaunes', 24, 19.16),
484;Sallebœuf;Sallebœuf;18;15,62;('Sallebœuf', 18, 15.62),;('Sallebœuf', 18, 15.62),
485;Salles;Salles;48;33,32;('Salles', 48, 33.32),;('Salles', 48, 33.32),
486;Samonac;Samonac;40;28,6;('Samonac', 40, 28.6),;('Samonac', 40, 28.6),
487;Saucats;Saucats;23;18,57;('Saucats', 23, 18.57),;('Saucats', 23, 18.57),
488;Saugon;Saugon;48;33,32;('Saugon', 48, 33.32),;('Saugon', 48, 33.32),
489;Saumos;Saumos;39;28,01;('Saumos', 39, 28.01),;('Saumos', 39, 28.01),
490;Sauternes;Sauternes;56;38,04;('Sauternes', 56, 38.04),;('Sauternes', 56, 38.04),
491;Sauveterre-de-Guyenne;Sauveterre-de-Guyenne;63;42,17;('Sauveterre-de-Guyenne', 63, 42.17),;('Sauveterre-de-Guyenne', 63, 42.17),
492;Sauviac;Sauviac;74;48,66;('Sauviac', 74, 48.66),;('Sauviac', 74, 48.66),
493;Savignac;Savignac;62;41,58;('Savignac', 62, 41.58),;('Savignac', 62, 41.58),
494;Savignac-de-l'Isle;Savignac-de-l'Isle;49;33,91;('Savignac-de-l'Isle', 49, 33.91),;('Savignac-de-l''Isle', 49, 33.91),
495;Semens;Semens;52;35,68;('Semens', 52, 35.68),;('Semens', 52, 35.68),
496;Sendets;Sendets;70;46,3;('Sendets', 70, 46.3),;('Sendets', 70, 46.3),
497;Sigalens;Sigalens;76;49,84;('Sigalens', 76, 49.84),;('Sigalens', 76, 49.84),
498;Sillas;Sillas;77;50,43;('Sillas', 77, 50.43),;('Sillas', 77, 50.43),
499;Soulac-sur-Mer;Soulac-sur-Mer;94;60,46;('Soulac-sur-Mer', 94, 60.46),;('Soulac-sur-Mer', 94, 60.46),
500;Soulignac;Soulignac;38;27,42;('Soulignac', 38, 27.42),;('Soulignac', 38, 27.42),
501;Soussac;Soussac;71;46,89;('Soussac', 71, 46.89),;('Soussac', 71, 46.89),
502;Soussans;Soussans;37;26,83;('Soussans', 37, 26.83),;('Soussans', 37, 26.83),
503;Tabanac;Tabanac;25;19,75;('Tabanac', 25, 19.75),;('Tabanac', 25, 19.75),
504;Taillecavat;Taillecavat;96;61,64;('Taillecavat', 96, 61.64),;('Taillecavat', 96, 61.64),
505;Talais;Talais;87;56,33;('Talais', 87, 56.33),;('Talais', 87, 56.33),
506;Talence;Talence;6;8,54;('Talence', 6, 8.54),;('Talence', 6, 8.54),
507;Targon;Targon;36;26,24;('Targon', 36, 26.24),;('Targon', 36, 26.24),
508;Tarnès;Tarnès;31;23,29;('Tarnès', 31, 23.29),;('Tarnès', 31, 23.29),
509;Tauriac;Tauriac;36;26,24;('Tauriac', 36, 26.24),;('Tauriac', 36, 26.24),
510;Tayac;Tayac;69;45,71;('Tayac', 69, 45.71),;('Tayac', 69, 45.71),
511;Teuillac;Teuillac;42;29,78;('Teuillac', 42, 29.78),;('Teuillac', 42, 29.78),
512;Tizac-de-Curton;Tizac-de-Curton;32;23,88;('Tizac-de-Curton', 32, 23.88),;('Tizac-de-Curton', 32, 23.88),
513;Tizac-de-Lapouyade;Tizac-de-Lapouyade;43;30,37;('Tizac-de-Lapouyade', 43, 30.37),;('Tizac-de-Lapouyade', 43, 30.37),
514;Toulenne;Toulenne;50;34,5;('Toulenne', 50, 34.5),;('Toulenne', 50, 34.5),
515;Tresses;Tresses;12;12,08;('Tresses', 12, 12.08),;('Tresses', 12, 12.08),
516;Uzeste;Uzeste;62;41,58;('Uzeste', 62, 41.58),;('Uzeste', 62, 41.58),
517;Val de Virvée;Val de Virvée;30;22,7;('Val de Virvée', 30, 22.7),;('Val de Virvée', 30, 22.7),
518;Val-de-Livenne;Val-de-Livenne;62;41,58;('Val-de-Livenne', 62, 41.58),;('Val-de-Livenne', 62, 41.58),
519;Valeyrac;Valeyrac;77;50,43;('Valeyrac', 77, 50.43),;('Valeyrac', 77, 50.43),
520;Vayres;Vayres;29;22,11;('Vayres', 29, 22.11),;('Vayres', 29, 22.11),
521;Vendays-Montalivet;Vendays-Montalivet;81;52,79;('Vendays-Montalivet', 81, 52.79),;('Vendays-Montalivet', 81, 52.79),
522;Vensac;Vensac;78;51,02;('Vensac', 78, 51.02),;('Vensac', 78, 51.02),
523;Vérac;Vérac;33;24,47;('Vérac', 33, 24.47),;('Vérac', 33, 24.47),
524;Verdelais;Verdelais;52;35,68;('Verdelais', 52, 35.68),;('Verdelais', 52, 35.68),
525;Vertheuil;Vertheuil;57;38,63;('Vertheuil', 57, 38.63),;('Vertheuil', 57, 38.63),
526;Vignonet;Vignonet;45;31,55;('Vignonet', 45, 31.55),;('Vignonet', 45, 31.55),
527;Villandraut;Villandraut;57;38,63;('Villandraut', 57, 38.63),;('Villandraut', 57, 38.63),
528;Villegouge;Villegouge;36;26,24;('Villegouge', 36, 26.24),;('Villegouge', 36, 26.24),
529;Villenave-d'Ornon;Villenave-d'Ornon;8;9,72;('Villenave-d'Ornon', 8, 9.72),;('Villenave-d''Ornon', 8, 9.72),
530;Villenave-de-Rions;Villenave-de-Rions;32;23,88;('Villenave-de-Rions', 32, 23.88),;('Villenave-de-Rions', 32, 23.88),
531;Villeneuve;Villeneuve;48;33,32;('Villeneuve', 48, 33.32),;('Villeneuve', 48, 33.32),
532;Virelade;Virelade;33;24,47;('Virelade', 33, 24.47),;('Virelade', 33, 24.47),
533;Virsac;Virsac;29;22,11;('Virsac', 29, 22.11),;('Virsac', 29, 22.11),
534;Yvrac;Yvrac;15;13,85;('Yvrac', 15, 13.85),;('Yvrac', 15, 13.85),
